{"cameraMode":{"drawMode":0,"name":"Shaded","section":"Shading Mode"},"sceneLighting":true,"audioPlay":false,"sceneViewState":{"showFog":true,"showMaterialUpdate":false,"showSkybox":true,"showFlares":true,"showImageEffects":true,"showParticleSystems":true},"in2DMode":false,"pivot":{"x":-606.25732421875,"y":-678.1199951171875,"z":-39.32106018066406},"rotation":{"x":-0.010492357425391674,"y":0.0389881432056427,"z":0.00040937509038485587,"w":0.9991845488548279},"size":7846.82666015625,"orthographic":false}